{
    "loss": 4.317844390869141,
    "accuracy": 0.7410072088241577
}