{
    "loss": 10.57955551147461,
    "accuracy": 0.5179855823516846
}