{
    "loss": 1.5251398086547852,
    "accuracy": 0.9136690497398376
}