{
    "loss": 22.358434677124023,
    "accuracy": 0.48201438784599304
}