{
    "loss": 15.205436706542969,
    "accuracy": 0.5467625856399536
}