{
    "loss": 0.18710875511169434,
    "accuracy": 0.9568345546722412
}