{
    "loss": 3.559919834136963,
    "accuracy": 0.769784152507782
}